,SalePrice
SalePrice,1
GrLivArea,0.737550357
GarageArea,0.644525374
GarageCars,0.643195376
TotalBsmtSF,0.634588557
1stFlrSF,0.62852163
YearBuilt,0.561448293
Foundation_PConc,0.524049872
OQ_8,0.522151869
ExterQual_Gd,0.517501407
GarageYrBlt,0.51513169
FullBath,0.509240136
YearRemod/Add,0.505426261
BsmtQual_Ex,0.505189696
MasVnrArea,0.495188591
Fireplaces,0.485421609
TotRmsAbvGrd,0.478874029
BsmtFinSF1,0.464225389
KitchenQual_Ex,0.450048684
HeatingQC_Ex,0.443782958
BsmtFinType1_GLQ,0.429215735
Neighborhood_NridgHt,0.423182258
ExterQual_Ex,0.397204725
MS_060,0.386558345
KitchenQual_Gd,0.382949029
GarageFinish_Fin,0.380153939
WoodDeckSF,0.37313422
BsmtExposure_Gd,0.372458624
OQ_9,0.371348957
GarageType_Attchd,0.369541152
OC_5,0.362159166
Exterior2nd_VinylSd,0.348002849
Exterior1st_VinylSd,0.347737749
LotFrontage,0.34474737
HalfBath,0.341108861
Neighborhood_NoRidge,0.330852112
OpenPorchSF,0.328622646
FireplaceQu_Gd,0.321224827
BsmtQual_Gd,0.320585484
LotArea,0.293211861
2ndFlrSF,0.291682216
PavedDrive_Y,0.289429918
CentralAir_Y,0.284290874
LotShape_IR1,0.280201397
BsmtFullBath,0.277404785
GarageCond_TA,0.277291294
MasVnrType_Stone,0.265859296
GarageQual_TA,0.26474452
Electrical_SBrkr,0.26129105
OQ_10,0.258224519
MasVnrType_BrkFace,0.254476271
MSZoning_RL,0.246086969
HouseStyle_2Story,0.242249996
GarageType_BuiltIn,0.227282239
GarageFinish_RFn,0.223716178
Neighborhood_StoneBr,0.223459078
PoolQC_Ex,0.221680063
RoofStyle_Hip,0.21987495
FireplaceQu_TA,0.215535284
FireplaceQu_Ex,0.205323669
LandContour_HLS,0.201525478
OQ_7,0.192892037
LotConfig_CulDSac,0.174913801
Neighborhood_Somerst,0.164995866
Neighborhood_Veenker,0.156207031
SaleType_ConLI,0.155645369
BedroomAbvGr,0.14249729
LotShape_IR2,0.138132196
BsmtCond_TA,0.136528921
LandSlope_Mod,0.135312476
Condition1_Norm,0.131252156
MSZoning_FV,0.123734394
BsmtUnfSF,0.122982376
Neighborhood_CollgCr,0.115491688
MS_120,0.107610485
ScreenPorch,0.105302088
LandContour_Low,0.098527147
BldgType_1Fam,0.096179748
Neighborhood_Timber,0.094424915
Condition1_PosN,0.093037005
Exterior2nd_BrkFace,0.092093786
ExterCond_TA,0.090789695
RoofMatl_WdShngl,0.090651033
BsmtCond_Gd,0.089696396
Exterior1st_CemntBd,0.087865185
BsmtFinType2_Unf,0.086537108
Heating_GasA,0.086099778
BsmtExposure_Av,0.085609498
Exterior2nd_ImStucc,0.085530146
Neighborhood_ClearCr,0.083776776
BsmtFinType2_GLQ,0.081391861
Condition2_PosN,0.080002637
Exterior1st_BrkFace,0.07747693
SaleType_Con,0.067263417
RoofStyle_Shed,0.067192069
Functional_Mod,0.065051743
LandSlope_Sev,0.059410718
Utilities_AllPub,0.059342909
YrSold,0.057573577
RoofMatl_WdShake,0.053992746
GarageQual_Gd,0.053531618
Exterior2nd_CmentBd,0.052705604
Neighborhood_Crawfor,0.052234387
SaleType_WD ,0.051135238
Neighborhood_NWAmes,0.047238692
Street_Pave,0.047033806
BsmtFinSF2,0.045586354
LotShape_IR3,0.045431023
Functional_Typ,0.044271382
Exterior1st_ImStucc,0.043700948
RoofStyle_Flat,0.039500243
Neighborhood_Gilbert,0.039399138
PoolArea,0.038005132
BldgType_TwnhsE,0.037719549
RoofMatl_Membran,0.033365051
BsmtExposure_Mn,0.032098701
3SsnPorch,0.028101715
Neighborhood_Greens,0.026702254
MS_040,0.021886285
Condition1_PosA,0.019726045
Alley_Pave,0.016164737
OC_9,0.014789486
Functional_Maj1,0.014100121
FireplaceQu_Fa,0.012855218
RoofMatl_Tar&Grv,0.008751478
Condition2_Norm,0.008662519
HouseStyle_2.5Fin,0.007903449
Neighborhood_SawyerW,0.007825896
GarageCond_Gd,0.007501788
Neighborhood_Blmngtn,0.006501639
LotConfig_FR3,0.006052941
Exterior1st_BrkComm,0.003514254
MoSold,-0.000157098
Exterior2nd_AsphShn,-0.000163593
Foundation_Wood,-0.001123345
PoolQC_Gd,-0.002180353
BsmtFinType2_ALQ,-0.007077013
SaleType_CWD,-0.008590243
Functional_Maj2,-0.008734825
BsmtFinType2_Rec,-0.010303579
GarageType_2Types,-0.010674343
PoolQC_TA,-0.011255776
LotConfig_FR2,-0.011522708
Unnamed: 0,-0.012604717
Condition1_RRNe,-0.013430822
MS_150,-0.01357505
Condition1_RRAn,-0.01382476
Fence_GdPrv,-0.014335018
SaleType_VWD,-0.019322818
MS_080,-0.019387495
Condition1_RRNn,-0.019811357
BsmtCond_Ex,-0.020331198
Neighborhood_Mitchel,-0.020476093
Heating_OthW,-0.023104244
LandContour_Bnk,-0.024364195
MiscFeature_Gar2,-0.025373099
RoofStyle_Mansard,-0.026847365
LotConfig_Corner,-0.027102542
ExterCond_Ex,-0.027243523
Condition1_RRAe,-0.027979049
Functional_Min2,-0.028190695
Condition2_Artery,-0.02890243
Foundation_Stone,-0.02991081
HouseStyle_SLvl,-0.030150852
Neighborhood_Blueste,-0.031646144
Exterior2nd_Stucco,-0.03165336
HouseStyle_2.5Unf,-0.031889958
BsmtFinType2_BLQ,-0.032861663
GarageType_Basment,-0.033887002
Exterior1st_Plywood,-0.034133382
SaleType_COD,-0.034165479
KitchenQual_Po,-0.034196426
Exterior2nd_Brk Cmn,-0.036988427
Exterior2nd_Wd Shng,-0.038756275
BsmtFinType2_LwQ,-0.039089404
MS_070,-0.039177994
Neighborhood_NPkVill,-0.039714195
ExterCond_Gd,-0.040273948
BsmtCond_Po,-0.040725689
Heating_GasW,-0.041106868
LowQualFinSF,-0.043781816
MiscFeature_Shed,-0.043983631
OC_8,-0.044958785
MS_075,-0.046962896
Street_Grvl,-0.047033806
Exterior2nd_Plywood,-0.047068524
Heating_Wall,-0.047355789
Fence_MnWw,-0.047499818
GarageQual_Po,-0.047607884
BsmtQual_Po,-0.047607884
SaleType_Oth,-0.048061655
Condition2_Feedr,-0.048391191
GarageType_CarPort,-0.049277709
BsmtFinType1_ALQ,-0.049533092
Exterior2nd_Stone,-0.050734996
Heating_Floor,-0.051843081
MS_045,-0.051977811
MS_085,-0.052225731
MiscVal,-0.052743945
Exterior1st_Stucco,-0.052970363
GarageCond_Po,-0.054523944
BsmtHalfBath,-0.056146439
MasVnrType_BrkCmn,-0.056594825
Heating_Grav,-0.058145457
Utilities_NoSewr,-0.059342909
MSZoning_I (all),-0.059342909
MSZoning_RH,-0.06052274
SaleType_ConLw,-0.066153098
LotConfig_Inside,-0.06763815
HouseStyle_1Story,-0.067706391
RoofStyle_Gambrel,-0.0700802
BldgType_2fmCon,-0.073642653
MS_190,-0.073642653
MSZoning_C (all),-0.074517928
Functional_Min1,-0.076018642
HouseStyle_1.5Unf,-0.07721201
Exterior1st_WdShing,-0.077798646
Electrical_FuseP,-0.077822113
FireplaceQu_Po,-0.07942702
HouseStyle_SFoyer,-0.080660209
Neighborhood_SWISU,-0.086231677
BsmtFinType1_BLQ,-0.086362708
MS_180,-0.08679824
BsmtFinType1_LwQ,-0.087329955
SaleType_ConLD,-0.088880648
Exterior2nd_HdBoard,-0.093607304
PavedDrive_P,-0.094014446
RoofMatl_CompShg,-0.094347961
BldgType_Duplex,-0.095503767
MS_090,-0.095503767
Fence_GdWo,-0.097554245
Exterior1st_HdBoard,-0.098071875
Foundation_Slab,-0.098718113
HeatingQC_Fa,-0.101140162
OQ_6,-0.105149651
BsmtQual_Fa,-0.109642681
Neighborhood_BrDale,-0.111146583
BldgType_Twnhs,-0.1128235
OC_7,-0.112865891
Condition1_Feedr,-0.113226538
KitchenAbvGr,-0.114374394
MS_160,-0.117982036
BsmtFinType1_Unf,-0.119625297
HeatingQC_Gd,-0.119864076
ExterQual_Fa,-0.123953984
Exterior2nd_AsbShng,-0.124509783
Neighborhood_IDOTRR,-0.126530013
OQ_2,-0.127211296
ExterCond_Fa,-0.127352542
EnclosedPorch,-0.128426482
Exterior2nd_MetalSd,-0.129704265
Neighborhood_BrkSide,-0.131394449
Neighborhood_Sawyer,-0.131754024
Exterior1st_AsbShng,-0.133136554
Neighborhood_MeadowV,-0.137145957
Electrical_FuseF,-0.137996601
Exterior1st_MetalSd,-0.138841273
KitchenQual_Fa,-0.14616926
HouseStyle_1.5Fin,-0.147777295
MS_050,-0.147790711
LandSlope_Gtl,-0.148277568
Condition1_Artery,-0.149181978
BsmtCond_Fa,-0.150285721
OQ_3,-0.151271807
GarageCond_Fa,-0.156039255
Alley_Grvl,-0.156475361
OC_4,-0.156892835
BsmtFinType1_Rec,-0.158796533
Exterior1st_Wd Sdng,-0.162080425
Exterior2nd_Wd Sdng,-0.164699208
OC_3,-0.166444854
LandContour_Lvl,-0.171710981
GarageQual_Fa,-0.177462312
Fence_MnPrv,-0.190510804
Neighborhood_Edwards,-0.192651474
OC_6,-0.198980248
Neighborhood_NAmes,-0.203599993
RoofStyle_Gable,-0.203966721
Electrical_FuseA,-0.209295252
Neighborhood_OldTown,-0.220543423
Foundation_BrkTil,-0.22826018
MS_030,-0.245137838
BsmtExposure_No,-0.24896216
OQ_4,-0.250388977
PavedDrive_N,-0.274043668
CentralAir_N,-0.284290874
MSZoning_RM,-0.319347767
LotShape_Reg,-0.326288821
HeatingQC_TA,-0.341845115
Foundation_CBlock,-0.346383067
MasVnrType_None,-0.363659018
OQ_5,-0.382598064
GarageType_Detchd,-0.382842889
GarageFinish_Unf,-0.425945384
BsmtQual_TA,-0.476660263
KitchenQual_TA,-0.512682184
ExterQual_TA,-0.592078027
MSZoning_A (agr),
Neighborhood_GrnHill,
Neighborhood_Landmrk,
Condition2_PosA,
Condition2_RRAe,
Condition2_RRAn,
Condition2_RRNn,
RoofMatl_Metal,
RoofMatl_Roll,
Exterior1st_AsphShn,
Exterior1st_CBlock,
Exterior1st_PreCast,
Exterior2nd_CBlock,
Exterior2nd_PreCast,
ExterCond_Po,
HeatingQC_Po,
GarageQual_Ex,
GarageCond_Ex,
PoolQC_Fa,
MiscFeature_Othr,
MiscFeature_TenC,
OC_2,
